{
  "hash": "86f62038",
  "configHash": "63976f99",
  "lockfileHash": "7a5f6494",
  "browserHash": "c8677f7f",
  "optimized": {
    "@angular/common": {
      "src": "../../../../../node_modules/@angular/common/fesm2022/common.mjs",
      "file": "@angular_common.js",
      "fileHash": "a8aed164",
      "needsInterop": false
    },
    "@angular/core": {
      "src": "../../../../../node_modules/@angular/core/fesm2022/core.mjs",
      "file": "@angular_core.js",
      "fileHash": "9d6acd82",
      "needsInterop": false
    },
    "@angular/platform-browser": {
      "src": "../../../../../node_modules/@angular/platform-browser/fesm2022/platform-browser.mjs",
      "file": "@angular_platform-browser.js",
      "fileHash": "fd427bb2",
      "needsInterop": false
    },
    "@angular/router": {
      "src": "../../../../../node_modules/@angular/router/fesm2022/router.mjs",
      "file": "@angular_router.js",
      "fileHash": "d4b76889",
      "needsInterop": false
    },
    "rxjs": {
      "src": "../../../../../node_modules/rxjs/dist/esm5/index.js",
      "file": "rxjs.js",
      "fileHash": "4e8dafd1",
      "needsInterop": false
    }
  },
  "chunks": {
    "chunk-M2FKFFQU": {
      "file": "chunk-M2FKFFQU.js"
    },
    "chunk-MT6I7CWK": {
      "file": "chunk-MT6I7CWK.js"
    },
    "chunk-FCT5AU64": {
      "file": "chunk-FCT5AU64.js"
    },
    "chunk-SXIXOCJ4": {
      "file": "chunk-SXIXOCJ4.js"
    }
  }
}